{
  "beamwidthy": [
    14.700617778934312, 
    12.78338051929216, 
    12.242373189929776, 
    10.175817288652205, 
    10.979846579378416
  ], 
  "beamwidthx": [
    16.292559343396615, 
    14.217681410039052, 
    13.583381992900147, 
    11.603881708766023, 
    12.3818675231707
  ], 
  "lumiend": [
    1137, 
    447, 
    556, 
    662, 
    62
  ], 
  "lumistart": [
    199, 
    1138, 
    510, 
    612, 
    722
  ], 
  "runend": [
    297219, 
    300466, 
    303948, 
    304738, 
    306460
  ], 
  "runstart": [
    297050, 
    297219, 
    300466, 
    303948, 
    304738
  ]
}