{
  "beamwidthy": [
    14.544586705795007, 
    13.335541743470875, 
    11.726196276136765, 
    10.141360986280258
  ], 
  "beamwidthx": [
    15.976489601547394, 
    14.712600759456711, 
    13.152216316303068, 
    11.56874669049557
  ], 
  "lumiend": [
    1, 
    141, 
    147, 
    1471
  ], 
  "lumistart": [
    12, 
    61, 
    203, 
    54
  ], 
  "runend": [
    297292, 
    298996, 
    303825, 
    305406
  ], 
  "runstart": [
    297050, 
    297292, 
    298996, 
    303832
  ]
}