{
  "beamwidthy": [
    13.59740050709411, 
    12.642230933485296, 
    10.404792877685681, 
    10.854037594177665
  ], 
  "beamwidthx": [
    15.000750342743357, 
    14.053379434659735, 
    11.823892087224944, 
    12.303168920276287
  ], 
  "lumiend": [
    181, 
    440, 
    730, 
    139
  ], 
  "lumistart": [
    22, 
    241, 
    485, 
    790
  ], 
  "runend": [
    297487, 
    302263, 
    305045, 
    306432
  ], 
  "runstart": [
    297050, 
    297487, 
    302263, 
    305045
  ]
}