{
  "beamwidthy": [
    14.587101268648313, 
    12.848423317906052, 
    11.810276759316288, 
    10.136694524675308, 
    10.987522579734472
  ], 
  "beamwidthx": [
    16.023953086746758, 
    14.273511771788973, 
    13.131350275272705, 
    11.625627080872771, 
    12.386889783093139
  ], 
  "lumiend": [
    2528, 
    410, 
    83, 
    68, 
    139
  ], 
  "lumistart": [
    22, 
    2588, 
    456, 
    143, 
    128
  ], 
  "runend": [
    297219, 
    300817, 
    303832, 
    305112, 
    306432
  ], 
  "runstart": [
    297050, 
    297219, 
    300817, 
    303832, 
    305112
  ]
}