{"pull": {"data": {"y": {"": {}, "_nTrks40to50": {"value": 0.9589771013521503, "error": 0.00604623065757233}, "_nTrks60to70": {"value": 0.94763103614587, "error": 0.00800947628413375}, "_nTrks30to40": {"value": 0.9597935580388766, "error": 0.006991210313885892}, "_nTrks20to30": {"value": 0.938766675989667, "error": 0.010961189325369757}, "_nTrks70to100": {"value": 0.9675375555463848, "error": 0.010546573655564186}, "_nTrks50to60": {"value": 0.9540795976358759, "error": 0.006554721808428728}}, "x": {"": {}, "_nTrks40to50": {"value": 0.9716094642858445, "error": 0.005979475673851917}, "_nTrks60to70": {"value": 0.9522856836148649, "error": 0.008627082876718357}, "_nTrks30to40": {"value": 0.9629496511638034, "error": 0.0071548377076715375}, "_nTrks20to30": {"value": 0.9715328249967791, "error": 0.011977045086550266}, "_nTrks70to100": {"value": 0.9674401423160292, "error": 0.01037384998336235}, "_nTrks50to60": {"value": 0.9644653085429483, "error": 0.006690309864410792}}, "z": {"": {}, "_nTrks40to50": {"value": 0.9906613723359033, "error": 0.00652430243994592}, "_nTrks60to70": {"value": 0.9908778308065174, "error": 0.008950081509813993}, "_nTrks30to40": {"value": 0.9683445456329004, "error": 0.007100106938964677}, "_nTrks20to30": {"value": 0.9741659445628152, "error": 0.012892570415387597}, "_nTrks70to100": {"value": 1.0067024522998391, "error": 0.011461063999131995}, "_nTrks50to60": {"value": 0.9930767285030623, "error": 0.00715023663573425}}}, "mc": {"y": {"": {}, "_nTrks40to50": {"value": 0.889486707236701, "error": 0.012144807046169883}, "_nTrks60to70": {"value": 0.8663745124546868, "error": 0.020436072409619355}, "_nTrks30to40": {"value": 0.8979072958058978, "error": 0.013472004207556693}, "_nTrks20to30": {"value": 0.8653761793124283, "error": 0.021362356609924714}, "_nTrks70to100": {"value": 0.8901089214621947, "error": 0.028948627013677664}, "_nTrks50to60": {"value": 0.8900303762751202, "error": 0.013674285250483616}}, "x": {"": {}, "_nTrks40to50": {"value": 0.9220250649630382, "error": 0.013110111197580591}, "_nTrks60to70": {"value": 0.9081976551846992, "error": 0.02181550493394904}, "_nTrks30to40": {"value": 0.8916867549828117, "error": 0.01307115901194231}, "_nTrks20to30": {"value": 0.9132164506819788, "error": 0.02103409781642062}, "_nTrks70to100": {"value": 0.9759032962337452, "error": 0.03631836295436754}, "_nTrks50to60": {"value": 0.893166246682453, "error": 0.014557134555747194}}, "z": {"": {}, "_nTrks40to50": {"value": 0.9336967761787547, "error": 0.012512127885578416}, "_nTrks60to70": {"value": 0.9255097204388281, "error": 0.020774178938722798}, "_nTrks30to40": {"value": 0.8935042495377067, "error": 0.013733855471870093}, "_nTrks20to30": {"value": 0.8780129752655578, "error": 0.020382971573852857}, "_nTrks70to100": {"value": 0.901168199534214, "error": 0.033792956673593486}, "_nTrks50to60": {"value": 0.922830601954179, "error": 0.01703571153841805}}}}, "reso": {"data": {"y": {"": {}, "_nTrks40to50": {"value": 31.329108649833582, "error": 0.21237740103921224}, "_nTrks60to70": {"value": 26.29982537684786, "error": 0.23154152038208356}, "_nTrks30to40": {"value": 34.679569387447124, "error": 0.26467376129760073}, "_nTrks20to30": {"value": 38.251750082764794, "error": 0.4793667904498549}, "_nTrks70to100": {"value": 24.831558807294247, "error": 0.27569930275031096}, "_nTrks50to60": {"value": 28.496994436832825, "error": 0.20050319671850464}}, "x": {"": {}, "_nTrks40to50": {"value": 31.905232728286144, "error": 0.21391095405328364}, "_nTrks60to70": {"value": 26.106013304419065, "error": 0.24055106724387806}, "_nTrks30to40": {"value": 34.809507098878576, "error": 0.2677656282300567}, "_nTrks20to30": {"value": 39.042458265455444, "error": 0.5103181089458805}, "_nTrks70to100": {"value": 24.985154435586637, "error": 0.27462297703710714}, "_nTrks50to60": {"value": 28.9545120249441, "error": 0.20671185516413404}}, "z": {"": {}, "_nTrks40to50": {"value": 40.46573089384616, "error": 0.2724674493190761}, "_nTrks60to70": {"value": 34.560305945671345, "error": 0.33029975518088245}, "_nTrks30to40": {"value": 42.95629929698494, "error": 0.3304098157607527}, "_nTrks20to30": {"value": 45.71539310405629, "error": 0.6215145732905993}, "_nTrks70to100": {"value": 32.89531338396821, "error": 0.39000602000532686}, "_nTrks50to60": {"value": 37.59539401594343, "error": 0.27861806793709365}}}, "mc": {"y": {"": {}, "_nTrks40to50": {"value": 31.044364471085963, "error": 0.4450194268365157}, "_nTrks60to70": {"value": 25.194250074925694, "error": 0.6091935645849084}, "_nTrks30to40": {"value": 34.862118579895174, "error": 0.5480790741926742}, "_nTrks20to30": {"value": 37.06526409561047, "error": 0.9072016397390976}, "_nTrks70to100": {"value": 24.596946867906667, "error": 0.8201456614283957}, "_nTrks50to60": {"value": 28.38366766114821, "error": 0.4991411327370572}}, "x": {"": {}, "_nTrks40to50": {"value": 31.930062459303876, "error": 0.46497874685029444}, "_nTrks60to70": {"value": 25.552410706391534, "error": 0.6154755740165047}, "_nTrks30to40": {"value": 35.369265583391964, "error": 0.5503069418050199}, "_nTrks20to30": {"value": 39.80436710006081, "error": 0.9775931182379828}, "_nTrks70to100": {"value": 24.5933217665838, "error": 0.8202617993233746}, "_nTrks50to60": {"value": 28.070741278150972, "error": 0.49759077267321916}}, "z": {"": {}, "_nTrks40to50": {"value": 39.425391067494, "error": 0.538850430688752}, "_nTrks60to70": {"value": 33.40314885040248, "error": 0.8053706817571564}, "_nTrks30to40": {"value": 40.57360704531374, "error": 0.6199499726965905}, "_nTrks20to30": {"value": 44.01462272422521, "error": 1.1167393154088106}, "_nTrks70to100": {"value": 29.505477149462333, "error": 1.025013302398626}, "_nTrks50to60": {"value": 35.51032837952149, "error": 0.6420312565654819}}}}}